{
    "theta0": 8499.59512537933,
    "theta1": -0.021448920561930377,
    "trained": true
}